id	object_type	marketing_type	is_valid	price_euro	size_sqm	size_category	price_per_sqm	listings_per_1k_bundesland	listings_per_1k_city	density_city	density_land	population_land	zip	city	bundesland	short_name	country	rooms	floor	free	cold_hot_rent	predicted_price_per_sqm	predicted_price	gap	ratio	MAE	RMSE	bias	price_category
1	Wohnung	zur Miete	True	1300	70	medium	18,57142857	1438,91378	34,47507497	4263,950118	297,4465919	6280793	60486	Frankfurt am Main	Hessen	HE	Germany	3	2	01.05.2026	Kaltmiete	25,00397461	1750,278223	6,432546039	0,346367864	3,105079894	4,843472568	-0,156819158	Underpriced
2	Wohnung	zur Miete	True	990	80	medium	12,375	1984,193403	3,055141717	1636,585293	528,6783023	18034454	53721	Siegburg	Nordrhein-Westfalen	NW	Germany	2	1	sofort	Kaltmiete	10,50719542	840,5756337	-1,867804579	-0,150933703	3,105079894	4,843472568	-0,156819158	Fair Price
3	Wohnung	zur Miete	True	415	68,4	medium	6,067251462	3108,832481		778,994764	103,8975249	2135597	6844	Dessau-Roßlau	Sachsen-Anhalt	ST	Germany	2	2	sofort	Kaltmiete	7,402137827	506,3062274	1,334886365	0,220015006	3,105079894	4,843472568	-0,156819158	Underpriced
4	Wohnung	zur Miete	True	338	52	medium	6,5	3108,832481		370,31912	103,8975249	2135597	6842	Dessau-Roßlau	Sachsen-Anhalt	ST	Germany	2	3	sofort	Kaltmiete	7,850564811	408,2293702	1,350564811	0,207779202	3,105079894	4,843472568	-0,156819158	Underpriced
5	Wohnung	zur Miete	True	990	90	medium	11	2546,173175	5,442649989	2021,074297	314,5897568	11245898	89518	Heidenheim an der Brenz	Baden-Württemberg	BW	Germany	3	3		Kaltmiete	13,13204533	1181,88408	2,132045333	0,193822303	3,105079894	4,843472568	-0,156819158	Fair Price
6	Wohnung	zur Miete	True	1430	130,6	large	10,94946401	8566,836669		367,7473499	187,8172845	13248928	63762	Großostheim	Bayern	BY	Germany	4	1	01.04.2026	Kaltmiete	11,02370612	1439,696019	0,074242103	0,006780433	3,105079894	4,843472568	-0,156819158	Fair Price
7	Wohnung	zum Kauf	True	380500	60,9	medium	6247,947455						92318	Neumarkt in der Oberpfalz			Germany	2			6.249 /mē	5760,630296	350822,385	-487,3171588	-0,07799636	890,5246542	1575,834608	-42,99880828	Fair Price
8	Wohnung	zum Kauf	True	570800	95,9	medium	5952,033368						92318	Neumarkt in der Oberpfalz			Germany	4			5.950 /mē	6140,931622	588915,3426	188,8982543	0,03173676	890,5246542	1575,834608	-42,99880828	Fair Price
9	Wohnung	zur Miete	True	440	46	small	9,565217391	2546,173175		155,4309752	314,5897568	11245898	89551	Königsbronn	Baden-Württemberg	BW	Germany	2	2	01.07.2026	Kaltmiete	10,03270795	461,5045656	0,467490556	0,048874013	3,105079894	4,843472568	-0,156819158	Fair Price
10	Wohnung	zur Miete	True	1000	82	medium	12,19512195	8566,836669		395,9693507	187,8172845	13248928	91522	Ansbach	Bayern	BY	Germany	2,5	1	sofort	Kaltmiete	13,21960078	1084,007264	1,024478824	0,084007264	3,105079894	4,843472568	-0,156819158	Fair Price
11	Studio	zur Miete	True	459	54	medium	8,5	3108,832481	41,44968995	3088,081	103,8975249	2135597	39104	Magdeburg	Sachsen-Anhalt	ST	Germany	1	3	sofort	Kaltmiete	10,53728655	569,013474	2,037286555	0,239680771	3,105079894	4,843472568	-0,156819158	Underpriced
12	Wohnung	zur Miete	True	903	64,5	medium	14	2324,549849	4,403926872	5903,82192	167,7744188	8004489	38118	Braunschweig	Niedersachsen	NI	Germany	2	EG	sofort	Kaltmiete	10,59892908	683,6309255	-3,401070923	-0,242933637	3,105079894	4,843472568	-0,156819158	Overpriced
13	Wohnung	zur Miete	True	620	64	medium	9,6875	1984,193403	3,850460739	3376,219336	528,6783023	18034454	51379	Leverkusen	Nordrhein-Westfalen	NW	Germany	2	3	sofort	Kaltmiete	10,2250678	654,4043393	0,537567801	0,05549087	3,105079894	4,843472568	-0,156819158	Fair Price
14	Wohnung	zur Miete	True	414	60,9	medium	6,798029557	5729,657052		165,4899677	86,21807474	2556747	15890	Eisenhüttenstadt	Brandenburg	BB	Germany	3	3		Kaltmiete	7,639638085	465,2539593	0,841608528	0,123801834	3,105079894	4,843472568	-0,156819158	Fair Price
45	Wohnung	zum Kauf	True	486545	92,4	medium	5265,638528	8566,836669		715,8071365	187,8172845	13248928	90455	Nürnberg	Bayern	BY	Germany	4	2	sofort	5.265 /mē	7783,640762	719208,4065	2518,002234	0,478195041	890,5246542	1575,834608	-42,99880828	Underpriced
46	Maisonette	zur Miete	True	1182	126	large	9,380952381	359,5658494	306,5083374	5670,318839	4135,542912	3685265	12249	Berlin	Berlin	BE	Germany	2	EG	01.05.2026	Kaltmiete	11,33623482	1428,365587	1,955282438	0,208431123	3,105079894	4,843472568	-0,156819158	Underpriced
47	Reihenmittelhaus	zur Miete	True	1709	133,7	large	12,78234854	11,31944257	6,101451234	3114,013252	1678,527885	704881	28239	Bremen	Bremen	HB	Germany	5		01.06.2026	Kaltmiete	10,35311089	1384,210926	-2,42923765	-0,190046269	3,105079894	4,843472568	-0,156819158	Fair Price
48	Wohnung	zur Miete	True	559	74	medium	7,554054054	1984,193403		873,9470589	528,6783023	18034454	45770	Marl	Nordrhein-Westfalen	NW	Germany	3,5	4	01.05.2026	Kaltmiete	7,865680881	582,0603852	0,311626827	0,041252925	3,105079894	4,843472568	-0,156819158	Fair Price
616	Wohnung	zum Kauf	True	603000	94,5	medium	6380,952381	1984,193403	18,32725143	1091,271109	528,6783023	18034454	52072	Aachen	Nordrhein-Westfalen	NW	Germany	3	EG		6.380 /mē	6182,673156	584262,6133	-198,2792248	-0,03107361	890,5246542	1575,834608	-42,99880828	Fair Price
617	Wohnung	zum Kauf	True	602000	91,9	medium	6550,598477	1984,193403	18,32725143	1091,271109	528,6783023	18034454	52072	Aachen	Nordrhein-Westfalen	NW	Germany	3	2		6.548 /mē	6154,4222	565591,4002	-396,1762761	-0,060479402	890,5246542	1575,834608	-42,99880828	Fair Price
618	Penthouse	zur Miete	True	1058	70,6	medium	14,98583569	2324,549849		69,75155289	167,7744188	8004489	27616	Beverstedt	Niedersachsen	NI	Germany	3	2		Kaltmiete	15,5437769	1097,390649	0,557941209	0,037231238	3,105079894	4,843472568	-0,156819158	Fair Price
619	Wohnung	zum Kauf	True	1439000	141	large	10205,67376	8566,836669	134,3138385	3335,471646	187,8172845	13248928	81827	München	Bayern	BY	Germany	5	EG	sofort	10.206 /mē	11978,01194	1688899,684	1772,338186	0,173662046	890,5246542	1575,834608	-42,99880828	Fair Price
620	Studio	zum Kauf	True	535900	88,1	medium	6082,860386	1984,193403	27,95595792	3004,726228	528,6783023	18034454	40597	Düsseldorf	Nordrhein-Westfalen	NW	Germany	4	3	01.12.2027	6.080 /mē	7207,562009	634986,213	1124,701623	0,184896833	890,5246542	1575,834608	-42,99880828	Fair Price
621	Penthouse	zur Miete	True	2950	162,8	large	18,12039312	1438,91378	38,22890236	3845,258193	297,4465919	6280793	60439	Frankfurt am Main	Hessen	HE	Germany	5	2		Kaltmiete	24,07023727	3918,634628	5,949844154	0,328350721	3,105079894	4,843472568	-0,156819158	Underpriced
622	Wohnung	zur Miete	True	1395	62,5	medium	22,32	8566,836669	1,875020638	1066,654926	187,8172845	13248928	83395	Freilassing	Bayern	BY	Germany	2	EG		Kaltmiete	18,21425042	1138,390651	-4,105749581	-0,183949354	3,105079894	4,843472568	-0,156819158	Fair Price
623	Penthouse	zur Miete	True	1100	120	large	9,166666667	8566,836669		716,1531912	187,8172845	13248928	97424	Schweinfurt	Bayern	BY	Germany	2	3	sofort	Kaltmiete	10,88511558	1306,21387	1,718448913	0,187467154	3,105079894	4,843472568	-0,156819158	Fair Price
624	Wohnung	zum Kauf	True	899000	102,2	large	8796,477495						70372	Bad Cannstatt			Germany	4			8.798 /mē	8608,754878	879814,7485	-187,7226176	-0,021340658	890,5246542	1575,834608	-42,99880828	Fair Price
625	Studio	zur Miete	True	1675	84	medium	19,94047619	8566,836669	32,97568395	13585,76825	187,8172845	13248928	80636	München	Bayern	BY	Germany	3	3		Kaltmiete	20,12476179	1690,479991	0,184285602	0,009241785	3,105079894	4,843472568	-0,156819158	Fair Price
626	Studio	zur Miete	True	1000	78	medium	12,82051282	359,5658494	931,9373883	1864,932153	4135,542912	3685265	13599	Berlin	Berlin	BE	Germany	3	6		Kaltmiete	14,73411113	1149,260668	1,913598311	0,149260668	3,105079894	4,843472568	-0,156819158	Fair Price
627	Studio	zur Miete	True	1350	50	small	27	8566,836669	30,69711832	14594,20377	187,8172845	13248928	80337	München	Bayern	BY	Germany	2	1		Kaltmiete	20,99002653	1049,501326	-6,009973471	-0,22259161	3,105079894	4,843472568	-0,156819158	Overpriced
628	Terrassenwohnung	zum Kauf	True	460000	53	medium	8679,245283	1438,91378	101,639216	1446,292147	297,4465919	6280793	60599	Frankfurt am Main	Hessen	HE	Germany	2			8.679 /mē	8279,382991	438807,2985	-399,8622916	-0,04607109	890,5246542	1575,834608	-42,99880828	Fair Price
630	Studio	zur Miete	True	750	60	medium	12,5	8566,836669	64,23313839	6974,59304	187,8172845	13248928	80333	München	Bayern	BY	Germany	2	4		Kaltmiete	21,03556063	1262,133638	8,535560632	0,682844851	3,105079894	4,843472568	-0,156819158	Underpriced
631	Wohnung	zum Kauf	True	400000	46,9	small	8528,784648	1438,91378	101,639216	1446,292147	297,4465919	6280793	60599	Frankfurt am Main	Hessen	HE	Germany	2	1		8.522 /mē	8170,478708	383195,4514	-358,30594	-0,042011371	890,5246542	1575,834608	-42,99880828	Fair Price
632	Studio	zur Miete	True	990	21	small	47,14285714	8566,836669	3,957916392	7074,429379	187,8172845	13248928	93047	Regensburg	Bayern	BY	Germany	1	2		Kaltmiete	20,50167683	430,5352134	-26,64118031	-0,565115946	3,105079894	4,843472568	-0,156819158	Overpriced
633	Terrassenwohnung	zur Miete	True	870	63	medium	13,80952381	1984,193403	69,85830934	2276,035614	528,6783023	18034454	51109	Köln	Nordrhein-Westfalen	NW	Germany	2	EG		Kaltmiete	16,98635874	1070,140601	3,176834931	0,230046667	3,105079894	4,843472568	-0,156819158	Underpriced
634	Wohnung	zur Miete	True	2090	61	medium	34,26229508	1438,91378	3,810297018	7086,061762	297,4465919	6280793	65197	Wiesbaden	Hessen	HE	Germany	4	3	sofort	Warmmiete	18,04692366	1100,862343	-16,21537143	-0,473271606	3,105079894	4,843472568	-0,156819158	Overpriced
635	Reihenendhaus	zur Miete	True	2100	140	large	15						22851	Glashütte			Germany	5		01.05.2026	Kaltmiete	12,98063879	1817,28943	-2,019361212	-0,134624081	3,105079894	4,843472568	-0,156819158	Fair Price
636	Einfamilienhaus	zur Miete	True	1650	120	large	13,75						53881	Palmersheim			Germany	5			Kaltmiete	11,50491184	1380,58942	-2,245088163	-0,163279139	3,105079894	4,843472568	-0,156819158	Fair Price
637	Wohnung	zur Miete	True	650	66	medium	9,848484848	1984,193403	15,22956993	3874,042423	528,6783023	18034454	45136	Essen	Nordrhein-Westfalen	NW	Germany	3	2	01.04.2026	Kaltmiete	10,45132208	689,7872574	0,602837233	0,061211165	3,105079894	4,843472568	-0,156819158	Fair Price
638	Wohnung	zur Miete	True	600	107	large	5,607476636	4299,342993	95,95364284	2084,339834	219,1032447	4042422	9120	Chemnitz	Sachsen	SN	Germany	4	1	sofort	Kaltmiete	5,75811793	616,1186185	0,150641294	0,026864364	3,105079894	4,843472568	-0,156819158	Fair Price
639	Wohnung	zur Miete	True	650	66	medium	9,848484848	1984,193403	15,22956993	3874,042423	528,6783023	18034454	45136	Essen	Nordrhein-Westfalen	NW	Germany	3	3	01.04.2026	Kaltmiete	10,45132208	689,7872574	0,602837233	0,061211165	3,105079894	4,843472568	-0,156819158	Fair Price
640	Wohnung	zum Kauf	True	739900	78,5	medium	9425,477707	8566,836669	9,379569186	1492,605867	187,8172845	13248928	85540	Haar	Bayern	BY	Germany	3	1		9.431 /mē	10132,88432	795431,4189	707,4066103	0,0750526	890,5246542	1575,834608	-42,99880828	Fair Price
641	Wohnung	zum Kauf	True	739900	78,5	medium	9425,477707	8566,836669	9,379569186	1492,605867	187,8172845	13248928	85540	Haar	Bayern	BY	Germany	3	2		9.431 /mē	10132,88432	795431,4189	707,4066103	0,0750526	890,5246542	1575,834608	-42,99880828	Fair Price
642	Wohnung	zum Kauf	True	899900	96,8	medium	9296,487603	8566,836669	9,379569186	1492,605867	187,8172845	13248928	85540	Haar	Bayern	BY	Germany	4	2		9.300 /mē	10331,72758	1000111,23	1035,239979	0,111358184	890,5246542	1575,834608	-42,99880828	Fair Price
643	Wohnung	zum Kauf	True	752700	79,7	medium	9444,165621	8566,836669	9,379569186	1492,605867	187,8172845	13248928	85540	Haar	Bayern	BY	Germany	3	2		9.439 /mē	10145,92322	808630,0806	701,7575989	0,074305939	890,5246542	1575,834608	-42,99880828	Fair Price
644	Wohnung	zum Kauf	True	733500	78,5	medium	9343,949045	8566,836669	9,379569186	1492,605867	187,8172845	13248928	85540	Haar	Bayern	BY	Germany	3	1		9.344 /mē	10132,88432	795431,4189	788,9352728	0,084432746	890,5246542	1575,834608	-42,99880828	Fair Price
645	Wohnung	zum Kauf	True	487902	100,5	large	4854,746269	4299,342993	23,5480514	4671,299469	219,1032447	4042422	1159	Dresden	Sachsen	SN	Germany	3	1		4.854 /mē	6355,338231	638711,4922	1500,591962	0,309097918	890,5246542	1575,834608	-42,99880828	Underpriced
646	Wohnung	zum Kauf	True	1030000	114,1	large	9027,16915						17424	Heringsdorf			Germany	4	3	01.08.2028	9.030 /mē	8800,462889	1004132,816	-226,706261	-0,025113771	890,5246542	1575,834608	-42,99880828	Fair Price
647	Terrassenwohnung	zur Miete	True	1155	104,8	large	11,02099237	8566,836669		84,82390795	187,8172845	13248928	84155	Bodenkirchen	Bayern	BY	Germany	3	1	sofort	Kaltmiete	11,41685403	1196,486302	0,395861659	0,035918876	3,105079894	4,843472568	-0,156819158	Fair Price
9203	Wohnung	zur Miete	True	800	85	medium	9,411764706	3108,832481		131,5293666	103,8975249	2135597	4575	Neukieritzsch	Sachsen-Anhalt	ST	Germany	3	2	01.07.2026	Kaltmiete	8,004094538	680,3480358	-1,407670168	-0,149564955	3,105079894	4,843472568	-0,156819158	Fair Price
9204	Wohnung	zur Miete	True	1190	107	large	11,12149533	1005,018885		299,7115802	207,9562914	4129569	56727	Mayen	Rheinland-Pfalz	RP	Germany	3	3		Kaltmiete	8,568850638	916,8670182	-2,55264469	-0,229523514	3,105079894	4,843472568	-0,156819158	Overpriced
9205	Wohnung	zur Miete	True	1270	88	medium	14,43181818						63225	Langen			Germany	3	2	01.04.2026	Kaltmiete	13,01998438	1145,758626	-1,4118338	-0,097827854	3,105079894	4,843472568	-0,156819158	Fair Price
9206	Wohnung	zur Miete	True	915	61	medium	15	8566,836669	99,4033305	3018,007531	187,8172845	13248928	90482	Nürnberg	Bayern	BY	Germany	2	3		Kaltmiete	15,84960996	966,8262076	0,84960996	0,056640664	3,105079894	4,843472568	-0,156819158	Fair Price
9207	Maisonette	zur Miete	True	2300	95	medium	24,21052632	157,2964809	141,4916522	2749,278801	2466,679469	1862565	22339	Hamburg	Hamburg	HH	Germany	3,5	1	01.07.2026	Kaltmiete	17,28059259	1641,656296	-6,929933726	-0,286236393	3,105079894	4,843472568	-0,156819158	Overpriced
9208	Maisonette	zur Miete	True	1300	140	large	9,285714286	2324,549849	4,66468124	5573,799936	167,7744188	8004489	38100	Braunschweig	Niedersachsen	NI	Germany	3	5	01.04.2026	Kaltmiete	8,848036507	1238,725111	-0,437677779	-0,04713453	3,105079894	4,843472568	-0,156819158	Fair Price
9211	Wohnung	zur Miete	True	600	53	medium	11,32075472	1859,159282	11,04804932	2081,815471	129,6284844	2100277	7743	Jena	Thüringen	TH	Germany	2	8	sofort	Kaltmiete	14,15564214	750,2490334	2,834887423	0,250415056	3,105079894	4,843472568	-0,156819158	Underpriced
9212	Studio	zur Miete	True	500	42,9	small	11,65501166	8566,836669		196,7683207	187,8172845	13248928	91710	Gunzenhausen	Bayern	BY	Germany	1	1	sofort	Kaltmiete	13,29391625	570,3090072	1,638904597	0,140618014	3,105079894	4,843472568	-0,156819158	Fair Price
9213	Wohnung	zur Miete	True	748	77,5	medium	9,651612903	2546,173175		192,6543222	314,5897568	11245898	89520	Heidenheim an der Brenz	Baden-Württemberg	BW	Germany	3		sofort	Kaltmiete	13,59362275	1053,505763	3,942009843	0,408430164	3,105079894	4,843472568	-0,156819158	Underpriced
9214	Zimmer	zur Miete	True	260	14	small	18,57142857	4299,342993	50,52316039	3265,828953	219,1032447	4042422	4105	Leipzig	Sachsen	SN	Germany	WG	5	01.04.2026	Kaltmiete	19,9539937	279,3559118	1,382565131	0,074445815	3,105079894	4,843472568	-0,156819158	Fair Price
9215	Wohnung	zur Miete	True	1200	78,7	medium	15,24777637	1984,193403	8,990482772	2780,718303	528,6783023	18034454	53121	Bonn	Nordrhein-Westfalen	NW	Germany	3	1		Kaltmiete	14,52084325	1142,790364	-0,726933115	-0,047674697	3,105079894	4,843472568	-0,156819158	Fair Price
9216	Haus	zur Miete	True	1600	150	large	10,66666667	1984,193403	7,837553044	1020,726744	528,6783023	18034454	58313	Herdecke	Nordrhein-Westfalen	NW	Germany	5			Kaltmiete	10,6454216	1596,81324	-0,021245064	-0,001991725	3,105079894	4,843472568	-0,156819158	Fair Price
9217	Wohnung	zur Miete	True	1560	64	medium	24,375	359,5658494	239,3182027	7262,297561	4135,542912	3685265	13086	Berlin	Berlin	BE	Germany	2	1	05.04.2026	Kaltmiete	12,55943278	803,8036976	-11,81556722	-0,484741219	3,105079894	4,843472568	-0,156819158	Overpriced
9218	Wohnung	zur Miete	True	1450	85,1	medium	17,03877791	8566,836669	45,87846417	6539,015754	187,8172845	13248928	90429	Nürnberg	Bayern	BY	Germany	3	6	01.04.2026	Kaltmiete	14,99331446	1275,931061	-2,045463446	-0,120047544	3,105079894	4,843472568	-0,156819158	Fair Price
9220	Wohnung	zur Miete	True	1341	60,9	medium	22,01970443	4299,342993	20,23539952	8154,027294	219,1032447	4042422	4275	Leipzig	Sachsen	SN	Germany	2	2	01.04.2026	Kaltmiete	11,98026807	729,5983252	-10,03943637	-0,455929661	3,105079894	4,843472568	-0,156819158	Overpriced
9221	Wohnung	zur Miete	True	2250	46	small	48,91304348	157,2964809	99,15690801	3923,075132	2466,679469	1862565	20355	Hamburg	Hamburg	HH	Germany	2	5	01.06.2026	Warmmiete	18,22010179	838,1246821	-30,69294169	-0,627500141	3,105079894	4,843472568	-0,156819158	Overpriced
9222	Studio	zur Miete	True	716	84,5	medium	8,473372781	2324,549849	4,588491118	1525,555966	167,7744188	8004489	37083	Göttingen	Niedersachsen	NI	Germany	4	1	01.04.2026	Kaltmiete	11,8090891	997,8680289	3,335716318	0,393670431	3,105079894	4,843472568	-0,156819158	Underpriced
9223	Wohnung	zur Miete	True	675	65,8	medium	10,25835866	4299,342993	65,60682183	2514,982366	219,1032447	4042422	4129	Leipzig	Sachsen	SN	Germany	2	2	01.05.2026	Kaltmiete	12,11982578	797,4845365	1,86146712	0,181458573	3,105079894	4,843472568	-0,156819158	Fair Price
9224	Terrassenwohnung	zur Miete	True	2990	140	large	21,35714286	1438,91378	101,639216	1446,292147	297,4465919	6280793	60599	Frankfurt am Main	Hessen	HE	Germany	4,5	1	sofort	Kaltmiete	24,39948277	3415,927588	3,042339912	0,142450698	3,105079894	4,843472568	-0,156819158	Fair Price
9225	Wohnung	zur Miete	True	1300	120	large	10,83333333	2546,173175		155,8550743	314,5897568	11245898	89150	Laichingen	Baden-Württemberg	BW	Germany	6	1		Kaltmiete	9,16310258	1099,57231	-1,670230753	-0,154175146	3,105079894	4,843472568	-0,156819158	Fair Price
9226	Wohnung	zur Miete	True	980	64,7	medium	15,14683153	157,2964809	84,44765053	4606,404057	2466,679469	1862565	22529	Hamburg	Hamburg	HH	Germany	3	1	sofort	Kaltmiete	17,67348736	1143,474632	2,526655833	0,166810849	3,105079894	4,843472568	-0,156819158	Fair Price
9227	Wohnung	zur Miete	True	1150	84	medium	13,69047619	8566,836669		352,9971379	187,8172845	13248928	87527	Sonthofen	Bayern	BY	Germany	3	1	01.04.2026	Kaltmiete	15,32628749	1287,408149	1,6358113	0,119485347	3,105079894	4,843472568	-0,156819158	Fair Price
9228	Wohnung	zur Miete	True	550	51	medium	10,78431373	8566,836669	62,28081038	4816,893007	187,8172845	13248928	90461	Nürnberg	Bayern	BY	Germany	2	3	01.04.2026	Kaltmiete	15,98545364	815,2581357	5,201139915	0,482287519	3,105079894	4,843472568	-0,156819158	Underpriced
9229	Wohnung	zur Miete	True	960	99,6	medium	9,638554217	3108,832481		867,3943312	103,8975249	2135597	39116	Magdeburg	Sachsen-Anhalt	ST	Germany	4	EG	01.05.2026	Kaltmiete	8,360013426	832,6573373	-1,27854079	-0,132648607	3,105079894	4,843472568	-0,156819158	Fair Price
9230	Wohnung	zur Miete	True	445	29	small	15,34482759	8566,836669	14,46648243	1520,756694	187,8172845	13248928	95447	Bayreuth	Bayern	BY	Germany	1	1	02.04.2026	Kaltmiete	13,18831073	382,4610111	-2,156516859	-0,140537054	3,105079894	4,843472568	-0,156819158	Fair Price
9231	Maisonette	zur Miete	True	850	81	medium	10,49382716	2324,549849		860,5273324	167,7744188	8004489	49090	Osnabrück	Niedersachsen	NI	Germany	3	2	15.04.2026	Kaltmiete	12,33453074	999,0969902	1,840703583	0,175408224	3,105079894	4,843472568	-0,156819158	Fair Price
9232	Wohnung	zur Miete	True	1000	84	medium	11,9047619	1859,159282	2,290620983	6548,44259	129,6284844	2100277	99423	Weimar	Thüringen	TH	Germany	4	1	01.09.2026	Kaltmiete	12,83925957	1078,497804	0,934497663	0,078497804	3,105079894	4,843472568	-0,156819158	Fair Price
9233	Wohnung	zur Miete	True	780	59,3	medium	13,153457	4299,342993	15,80457525	6960,009887	219,1032447	4042422	1309	Dresden	Sachsen	SN	Germany	2	EG		Kaltmiete	12,41250706	736,0616686	-0,740949939	-0,056331194	3,105079894	4,843472568	-0,156819158	Fair Price
9234	Wohnung	zur Miete	True	640	72,1	medium	8,876560333						39104	Altstadt			Germany	3	2	sofort	Kaltmiete	9,029766028	651,0461306	0,153205695	0,017259579	3,105079894	4,843472568	-0,156819158	Fair Price
9235	Studio	zur Miete	True	530	20,2	small	26,23762376	8566,836669	38,47114472	7798,052338	187,8172845	13248928	90478	Nürnberg	Bayern	BY	Germany	1	6	16.06.2026	Kaltmiete	17,70114733	357,563176	-8,536476437	-0,325352498	3,105079894	4,843472568	-0,156819158	Overpriced
9236	Studio	zur Miete	True	700	33	small	21,21212121	8566,836669	38,47114472	7798,052338	187,8172845	13248928	90478	Nürnberg	Bayern	BY	Germany	1	3	16.05.2026	Kaltmiete	17,36147245	572,9285907	-3,850648766	-0,181530585	3,105079894	4,843472568	-0,156819158	Fair Price
9237	Studio	zur Miete	True	485	19,3	small	25,12953368	8566,836669	38,47114472	7798,052338	187,8172845	13248928	90478	Nürnberg	Bayern	BY	Germany	1	1	16.07.2026	Kaltmiete	17,72503072	342,0930928	-7,404502963	-0,294653417	3,105079894	4,843472568	-0,156819158	Overpriced
9238	Studio	zur Miete	True	500	20,5	small	24,3902439	8566,836669	38,47114472	7798,052338	187,8172845	13248928	90478	Nürnberg	Bayern	BY	Germany	1	1	16.07.2026	Kaltmiete	17,6931862	362,710317	-6,697057707	-0,274579366	3,105079894	4,843472568	-0,156819158	Overpriced
9239	Studio	zur Miete	True	510	19,4	small	26,28865979	8566,836669	38,47114472	7798,052338	187,8172845	13248928	90478	Nürnberg	Bayern	BY	Germany	1	4	16.05.2026	Kaltmiete	17,72237701	343,8141139	-8,566282788	-0,325854679	3,105079894	4,843472568	-0,156819158	Overpriced
9240	Studio	zur Miete	True	505	20,2	small	25	8566,836669	38,47114472	7798,052338	187,8172845	13248928	90478	Nürnberg	Bayern	BY	Germany	1	3	16.04.2026	Kaltmiete	17,70114733	357,563176	-7,298852674	-0,291954107	3,105079894	4,843472568	-0,156819158	Overpriced
9241	Studio	zur Miete	True	500	20,3	small	24,63054187	8566,836669	38,47114472	7798,052338	187,8172845	13248928	90478	Nürnberg	Bayern	BY	Germany	1	1	16.05.2026	Kaltmiete	17,69849362	359,2794204	-6,932048256	-0,281441159	3,105079894	4,843472568	-0,156819158	Overpriced
9242	Maisonette	zur Miete	True	1920	82	medium	23,41463415						13353	Wedding			Germany	2	EG	15.04.2026	Kaltmiete	21,17122858	1736,040743	-2,243405571	-0,095812113	3,105079894	4,843472568	-0,156819158	Fair Price
9243	Maisonette	zur Miete	True	990	99	medium	10	1984,193403		294,117098	528,6783023	18034454	32339	Espelkamp	Nordrhein-Westfalen	NW	Germany	3	EG	01.05.2026	Kaltmiete	9,177398509	908,5624524	-0,822601491	-0,082260149	3,105079894	4,843472568	-0,156819158	Fair Price
9244	Wohnung	zur Miete	True	1630	109	large	14,95412844	1276,299508	1,961506054	1019,624689	187,2601208	2959517	23611	Bad Schwartau	Schleswig-Holstein	SH	Germany	3	2	01.04.2026	Kaltmiete	11,76539697	1282,42827	-3,18873147	-0,21323419	3,105079894	4,843472568	-0,156819158	Overpriced
9245	Studio	zur Miete	True	445	19	small	23,42105263	1984,193403	16,14104139	3655,278404	528,6783023	18034454	45127	Essen	Nordrhein-Westfalen	NW	Germany	1	4	sofort	Kaltmiete	12,74792726	242,2106179	-10,67312537	-0,455706477	3,105079894	4,843472568	-0,156819158	Overpriced
9246	Wohnung	zur Miete	True	1580	100	medium	15,8	1984,193403	42,24310802	3763,927596	528,6783023	18034454	50968	Köln	Nordrhein-Westfalen	NW	Germany	3	1	01.05.2026	Kaltmiete	14,87039775	1487,039775	-0,929602251	-0,058835585	3,105079894	4,843472568	-0,156819158	Fair Price
9247	Studio	zur Miete	True	850	34,6	small	24,56647399	359,5658494	239,3182027	7262,297561	4135,542912	3685265	13086	Berlin	Berlin	BE	Germany	1	EG		Kaltmiete	14,38015743	497,5534469	-10,18631656	-0,414643004	3,105079894	4,843472568	-0,156819158	Overpriced
9248	Wohnung	zur Miete	True	1190	101	large	11,78217822	2324,549849	1,727139791	2315,967718	167,7744188	8004489	29221	Celle	Niedersachsen	NI	Germany	3	2	sofort	Kaltmiete	8,965048111	905,4698592	-2,817130107	-0,239100959	3,105079894	4,843472568	-0,156819158	Overpriced
9249	Wohnung	zur Miete	True	1890	95,6	medium	19,76987448	1276,299508	0,773298248	1293,162118	187,2601208	2959517	25469	Halstenbek	Schleswig-Holstein	SH	Germany	3			Kaltmiete	17,26694648	1650,720083	-2,502928	-0,126603131	3,105079894	4,843472568	-0,156819158	Fair Price
9250	Wohnung	zur Miete	True	940	84,6	medium	11,11111111	2546,173175		353,2184019	314,5897568	11245898	79664	Wehr	Baden-Württemberg	BW	Germany	3		sofort	Kaltmiete	10,33580401	874,409019	-0,775307103	-0,069777639	3,105079894	4,843472568	-0,156819158	Fair Price
9251	Wohnung	zur Miete	True	613	58,3	medium	10,51457976	2546,173175		45,3065795	314,5897568	11245898	79865	Grafenhausen	Baden-Württemberg	BW	Germany	2	2	01.05.2026	Kaltmiete	9,94994737	580,0819317	-0,564632389	-0,053699948	3,105079894	4,843472568	-0,156819158	Fair Price
9252	Studio	zur Miete	True	575	63,8	medium	9,012539185	2546,173175		45,3065795	314,5897568	11245898	79865	Grafenhausen	Baden-Württemberg	BW	Germany	2	EG	01.05.2026	Kaltmiete	10,84452723	691,8808374	1,831988047	0,203271022	3,105079894	4,843472568	-0,156819158	Underpriced
9253	Wohnung	zur Miete	True	1176	98	medium	12	1276,299508		185,9249739	187,2601208	2959517	23701	Eutin	Schleswig-Holstein	SH	Germany	3,5	1	sofort	Kaltmiete	11,83071384	1159,409956	-0,169286158	-0,01410718	3,105079894	4,843472568	-0,156819158	Fair Price
9254	Terrassenwohnung	zur Miete	True	1562	97,5	medium	16,02051282	2546,173175		167,6864739	314,5897568	11245898	76593	Gernsbach	Baden-Württemberg	BW	Germany	3	EG	01.10.2027	Kaltmiete	15,09201541	1471,471502	-0,928497414	-0,057956785	3,105079894	4,843472568	-0,156819158	Fair Price
9255	Wohnung	zur Miete	True	1194	149,3	large	7,997320831	4299,342993		185,132991	219,1032447	4042422	4567	Kitzscher	Sachsen	SN	Germany	6	2		Kaltmiete	6,127885721	914,8933381	-1,86943511	-0,233757673	3,105079894	4,843472568	-0,156819158	Overpriced
9256	Wohnung	zur Miete	True	396	28	small	14,14285714	1554,377963	7,144904081	1259,639024	67,5511378	1573597	17489	Greifswald	Mecklenburg-Vorpommern	MV	Germany	1	2	sofort	Kaltmiete	13,4902053	377,7257485	-0,65265184	-0,0461471	3,105079894	4,843472568	-0,156819158	Fair Price
9257	Wohnung	zur Miete	True	630	85	medium	7,411764706	1984,193403		676,2773039	528,6783023	18034454	53340	Meckenheim	Nordrhein-Westfalen	NW	Germany	3	1		Kaltmiete	7,061897161	600,2612587	-0,349867545	-0,047204351	3,105079894	4,843472568	-0,156819158	Fair Price
9258	Zimmer	zur Miete	True	250	18,7	small	13,36898396	8566,836669	3,389812049	1180,006426	187,8172845	13248928	95028	Hof	Bayern	BY	Germany	WG	2	sofort	Kaltmiete	18,94083238	354,1935655	5,571848423	0,416774262	3,105079894	4,843472568	-0,156819158	Underpriced
9259	Wohnung	zur Miete	True	785	50	small	15,7	2546,173175	9,609320618	4370,756443	314,5897568	11245898	70186	Stuttgart	Baden-Württemberg	BW	Germany	3			Kaltmiete	16,84220878	842,1104392	1,142208785	0,072752152	3,105079894	4,843472568	-0,156819158	Fair Price
9260	Einfamilienhaus	zur Miete	True	2100	151	large	13,90728477	1005,018885		869,282512	207,9562914	4129569	55129	Mainz	Rheinland-Pfalz	RP	Germany	5		01.06.2026	Kaltmiete	14,62157338	2207,857581	0,714288614	0,051360753	3,105079894	4,843472568	-0,156819158	Fair Price
9261	Wohnung	zur Miete	True	830	87	medium	9,540229885	8566,836669		851,5319023	187,8172845	13248928	96450	Coburg	Bayern	BY	Germany	3	1	10.04.2026	Kaltmiete	11,37679823	989,7814463	1,836568348	0,192507767	3,105079894	4,843472568	-0,156819158	Fair Price
9262	Wohnung	zur Miete	True	970	102	large	9,509803922	1005,018885		330,6334778	207,9562914	4129569	54516	Wittlich	Rheinland-Pfalz	RP	Germany	3		01.04.2026	Kaltmiete	7,356702199	750,3836243	-2,153101723	-0,226408635	3,105079894	4,843472568	-0,156819158	Overpriced
9299	Terrassenwohnung	zur Miete	True	1100	64	medium	17,1875	1984,193403	3,909573661	1023,129463	528,6783023	18034454	40667	Meerbusch	Nordrhein-Westfalen	NW	Germany	2,5	EG	30.04.2026	Kaltmiete	14,83067027	949,1628973	-2,356829729	-0,137124639	3,105079894	4,843472568	-0,156819158	Fair Price
9300	Zimmer	zur Miete	True	690	72	medium	9,583333333	2546,173175		124,7308014	314,5897568	11245898	88299	Leutkirch im Allgäu	Baden-Württemberg	BW	Germany	WG	2	01.06.2026	Kaltmiete	17,04750079	1227,420057	7,464167456	0,778869648	3,105079894	4,843472568	-0,156819158	Underpriced
9570	Wohnung	zur Miete	True	1607	84	medium	19,13095238	157,2964809	244,2449126	1592,663675	2466,679469	1862565	22335	Hamburg	Hamburg	HH	Germany	2	4	sofort	Kaltmiete	17,56590127	1475,535707	-1,565051109	-0,081807276	3,105079894	4,843472568	-0,156819158	Fair Price
9571	Studio	zur Miete	True	500	16	small	31,25	1438,91378	33,2356332	4422,963724	297,4465919	6280793	60329	Frankfurt am Main	Hessen	HE	Germany	1		01.04.2026	Kaltmiete	27,46998667	439,5197867	-3,780013329	-0,120960427	3,105079894	4,843472568	-0,156819158	Fair Price
9572	Studio	zur Miete	True	630	17	small	37,05882353	1438,91378	33,2356332	4422,963724	297,4465919	6280793	60329	Frankfurt am Main	Hessen	HE	Germany	1		01.06.2026	Kaltmiete	27,44344957	466,5386427	-9,615373958	-0,259462472	3,105079894	4,843472568	-0,156819158	Overpriced
9573	Wohnung	zur Miete	True	429	63,4	medium	6,766561514	2324,549849		279,0710956	167,7744188	8004489	26388	Wilhelmshaven	Niedersachsen	NI	Germany	3	EG	27.03.2026	Kaltmiete	7,30659025	463,2378218	0,540028736	0,079808442	3,105079894	4,843472568	-0,156819158	Fair Price
9574	Studio	zur Miete	True	540	12	small	45	1438,91378	32,43601554	4531,999309	297,4465919	6280793	60489	Frankfurt am Main	Hessen	HE	Germany	1		15.04.2026	Kaltmiete	27,57107161	330,8528594	-17,42892839	-0,38730952	3,105079894	4,843472568	-0,156819158	Overpriced
9575	Wohnung	zur Miete	True	1300	76	medium	17,10526316	1005,018885	1,676641763	8350,024619	207,9562914	4129569	55116	Mainz	Rheinland-Pfalz	RP	Germany	2,5	3		Kaltmiete	16,36953132	1244,08438	-0,735731842	-0,043012015	3,105079894	4,843472568	-0,156819158	Fair Price
9576	Wohnung	zur Miete	True	1850	83	medium	22,28915663	5729,657052	484,9583353	3583,813028	86,21807474	2556747	10117	Berlin	Brandenburg	BB	Germany	2			Kaltmiete	13,22897461	1098,004892	-9,060182018	-0,406483842	3,105079894	4,843472568	-0,156819158	Overpriced
9577	Terrassenwohnung	zur Miete	True	1753	95	medium	18,45263158	8566,836669	10,12304453	1086,629617	187,8172845	13248928	96050	Bamberg	Bayern	BY	Germany	2,5	EG	sofort	Kaltmiete	15,3082001	1454,27901	-3,144431479	-0,170405585	3,105079894	4,843472568	-0,156819158	Fair Price
9578	Wohnung	zur Miete	True	359	48,5	small	7,402061856	1984,193403	4,615601878	3033,19055	528,6783023	18034454	46117	Oberhausen	Nordrhein-Westfalen	NW	Germany	2	EG	31.03.2026	Kaltmiete	8,5635009	415,3297936	1,161439044	0,156907503	3,105079894	4,843472568	-0,156819158	Fair Price
9579	Wohnung	zur Miete	True	682	56	medium	12,17857143	157,2964809	79,96701204	4864,505877	2466,679469	1862565	22041	Hamburg	Hamburg	HH	Germany	2	2	sofort	Kaltmiete	17,88740091	1001,694451	5,70882948	0,468760192	3,105079894	4,843472568	-0,156819158	Underpriced
